user_id,user_name
faa060ca-5019-458c-aa07-740e0f30f435,Vivek
B9p9x5IL9iDQxs1kV684,Chaitanya
CgkJoCQqpiQ4kcs2p7Z9,Henna
E968jzYc2O3UuFgPmWbF,Siddhy
GyvSAjTzm9hy5OGKj8ik,Aashay J
RnLt1TzdqTELi3lyj0lm,Neeraj Bhist
S6DwnBZDff5GJyighQl8,Ajay 
VKogd19NpuQT7KoCpa4j,Karthik
XYWUDTTExNg7SIqZxLBx,Shravan
XcKoR7oivfkXRi9AzhqY,Navodit
YIS7J5DrrMuBMnoSVdeH,Somya
YIepbtNfZinqQoFLkdxM,Amulya
Z3varVDuWEcMkbLzUbO7,Amit M
aPHoNqeBftQvRIKB9xkw,Sagar
bsk7DKidBsH7JxxdlXOh,Arpit M
dTxgxumaAvnpyWsR8nf6,Karan L
f2olk2vZ1wxG4BgVqgH8,Mohit
f6cZEpWMlKpCWXsf2YZd,Varsha PN
fMmd5amFfs8e3T1xgfkd,Anirudh
fvMfSFAJkgj7XU47BoZo,Prerna
eIGOOoPyVHLMIQDKVssl,Relina D
2XF5jArtvbrueOLBptqo,Shubhankar Chaturvedi
4KP8avFux2fBGGfQdr0D,Arvind
4Xjxwk4MxLh7HOTwP4aV,Manjunath C
6NtMqucnoygL41yKzEL4,Bharadwaaj
G33yXegwJLXMgjZyUAz5,Nikita Dresswala
4WE4rWXhoNeNw9nGxUsr,Ryan
6DLlLlzH4WivcaG3YlUO,suhas
6nhXg35ERdHDM5DabYts,Sabareesh
6x2SDyEd0WiCIAt3FrtI,Sriram
6xqQZAJWmbiYMoy2coXE,Deepak
7uCjupUV39LDSjAXLSqJ,Aseem Sidhu
95T2bpq0z7r1w7y9GJt1,Harisha
9SBur3qiuNQ490s8kEH7,Karan
AoUWFuvcdSB8IxboT10j,Dileep
CBbc3rg4qyxxhiB97qm6,Tej 
Cr0Qo0vEbYBsgQH8w9Qb,Ashwin MJ
DRvfdAhyRMGbY5rSyih4,Sanket
DbF0tk2XwOIPECBkRoB6,Shubam
DjG33Gf5uZwFvm7Upmjs,Kurian
ECY3uUZX7DpNPfbXBx9K,tanveer
FsCBr0RTJyDee8ducrWK,Keval
GErI4GpFCf95BFtqOPym,Manohari
GJJRLATh9wKxL9GKw3yj,Jay
Gm3cYOD4cEJHvJcbkf4K,Shantanu
H4XSc9vD75eUE3xN90qy,Vivek N
3fIAvNzyLfeactOloYVo,Varun
LMV5mmG6KIOh4FYn5ymH,Kapil Yadav
Jo9VcyoLQeeHwDuzAT7t,Ishita
HWSiD5T2GxYo52pnQUIX,Gokulraj
QaCyLN26fib1fEFZBtXk,Danielle D'Silva
TR3myjFI8khyrShroxyh,Ishan
TklMAqCsV0mRuCSeWkMa,Gokul
LrJmvCdeI5u7GboMCb63,Rajat
MQKCnRWLKdmR00sBg5vG,Priyank
ObDyv6cdfnfxcXI64Syt,Abhi N
QWT1TjFrHDlP5tdNYCBR,Rahul Mathur
QqYKepNN62SkWUcqJiBE,Syam
UWxQo9ZB9OI3nbW6fNOS,Vivek Doulatani
b8hu1dD7sAZU4fyab8DC,Sukrut
ScWT0yUyeHKqwphqYbBz,Lakshit
WQ7GlVgkKDKhLbP8DDHF,Nirali Naik
fntSzs0rjJgPUBExNd1h,Sumitra
X9IB2rRkrs0v6pDljKDn,Veeral
Y2d2SQkwWnpvQ6XLyhaM,Sridev (Sidramesh)
Zaa444bsSeRWq33GPdr3,Lovey Jaiswal
gG0a2AgusHD0FhAwAGZc,Rupali
hAL1XqPkH1YOSrMcQu5g,Atman
iPVbVrffXvDTN4mNyGVa,Yogesh
iZqNsmFdwx0nVJXa8xB5,Ashutosh
kPbMwWtjnNy03jAINsBj,Karan Punjabi
lDoKMcPl77GlFxz3is41,Shihabudeen
lvyanzlwKXGLSsTKShRb,Adhiyaman
mZEe732X1nnaIsppE9OB,Rajeev
novrjTyGNIK6sr4T9hxp,Ananth Prabhu
qVXHhBIaH9fXSfltZxxM,Dushyanth
qWk8NrumuDjErH1AXUA9,Prashanth
rECf2NRMQfaA8xLm5Q32,Tanuj
rf9B04YG5UBCpljrWVN9,Laksha
tRl6UXVPbIg4V4O2XHsi,Raghu
uu5xMcCsv9RLMzNuqAVr,Sneha 
veFcu5h7HzafGFeZ2Y8o,Gowtham
vvwvNY6Ws6KnvAZLO0Vm,Ankit
w1ya1cU4dMYIYFp30EBq,Saurya
w5kxVQaStO95bPRYzmVU,Puneet
wG8Vo3TlA5GaPPuz8Zx3,Abhishek
ykKU63pSVfYfBw51EaEq,Ankit
3ed1ae86-392f-47d9-a2a6-3a36ce517e50,Aditya Singh
f3e3786b-6319-46b8-ac11-f8c2c4ac3635,Adeetya
db7f8149-5b77-40d5-b276-a8efb442d979,Sauraj
higuJo5bezTWdtp0qHJF,Garima
SsgM20EwxuZ34kYaDgqn,Accio Robotics
l8lqQDxeJu3p2elj7w4S,Nanditha S
06wyYf17I0uBtloBLLSG,Pranav
1a1c865f-966e-42ad-9828-aedb9a9dc66d,BBB 3 BLR
a18fd436-7887-4404-b1f9-e4cf3db62a92,Amritesh Shukla
wCOXrn61HhyiAVcv4HBf,Satya.G
tZWLVfOVamPMfUVAqZ4O,Kavish
zOFpmb7JdVZ3sVzhUM0j,Neeraj
h0MHK0qgxrkZLlZF5z1g,Shrijan
shDCcqQNO8imK17nuYN2,Askar Aslam
n8LvyHwPdnQBjXjyvgLT,Lilit
kdeJVTe6XrtrtBsSYqFT,Vishnu Prasath
IyMgPoADddtDlFKkkox2,Archana
0296ff79-e3ef-4aa5-99fc-415413b56001,Humanoid
68e00a84-8648-4581-bada-69dbb640e96b,Midhun
eec43b74-5bd0-4b8a-b30f-1401f52e6509,Sandeep
05dc6286-662d-4c4d-8ca6-18e09cee9bc0,Shreyas
c1565ebd-53b4-404c-b165-be1bfd1d38a4,Chitra Jain
2ef12858-5a93-4b77-a4c8-ef4f788064e7,BBB2
2d0922a6-9253-4b80-9577-be995b35f3d8,Mahek Hasura
7dd7892a-72b2-4bd8-91a1-3f7675b307b7,BBB BLR 3
a69b8bae-b725-4127-bb0f-67849849a763,Meghesh
33db5d27-9c4f-4ad5-a18e-5c765cc8421c,BBB 4 BLR
rAStXGrzl0wjc8wWJkXB,Izra
e6a50e74-10c4-46d6-9529-286845314e46,BBB 5 MUM
96285186-178e-4357-9200-3cd338090823,BBB 6 MUM
55e43e13-a368-4f9b-bdcb-bdaa58200674,BBB 7 DEL
hIw2B937bsncYG7CeuTV,Busy Bee
89cbb227-c55c-419c-b486-720affcf48b9,Nolan
0fb5cb66-2584-4b76-bb63-f5c904845727,Shiksha
dfa9c4bb-3aae-4954-9974-d56ab90a9f3f,Justbe Cafe
24665e3d-3473-41a6-b17f-bfa3cd3fad9e,Yash 
6d524346-5adc-4395-b12b-54da5dca4779,Richeek
5eace124-3fc7-482e-97bf-c78e88837349,RandomGuy
7a7725f6-e2b7-4b63-8163-1ba11007643e,Richeek
4accc597-4c0b-482b-9f45-ae2ec0a915f5,Praneeth
6ae3bdc7-bb60-4e2d-89fe-2036e8f088c7,Ardhi
3e2174d1-7ac8-4432-a3c8-28a9b6cc1f59,Jayesh
960c8f7c-f536-4d39-83a7-c3027115493d,Harsh
a893e940-5c42-4b60-882c-f455c2147749,jcoc
a7d4197d-1098-448e-923e-96ef8eb4e33a,Jayesh
fa78cf13-be7e-4b2d-8416-cbc8ce0a27b5,dekhte
ea05d8bb-8fcd-4bdb-9152-cd9c152a5c7a,Swathi
1119b44e-24b6-4292-a249-d895e5dca965,Jayesh
ab1f0d5d-8044-4b0c-b750-ad12b82ca491,Devil
1a476c6f-0fa8-4e75-a48e-c1b2637595ac,Apoorva
13c02171-68a1-44f1-b178-6677d0743638,Mohit
9c5b2961-38b6-48c4-8282-8184bc8979b3,Sabah
19c7f977-31c5-491f-80a7-fdc8c84a4893,Megha K
any,React Office
default_user,React Office
